No,Title,Author,SamuraiLink,PublicationMedia,PublicationDate,DOI
1,元素戦略における永久磁石材料,"宝野和博, 広沢哲","宝野和博,https://samurai.nims.go.jp/profiles/kazuhiro_hono","まぐね／Magnetics Jpn.Vol7,No.6,2012",2012/10/31 0:00,
2,Nd2Fe14B/FeCo Anisotropic Nanocomposite Films with a Large Maximum Energy Product,"Wei-Bin Cui, Yukiko K.Takahashi, Kazuhiro Hono",,Advanced Materials 24 48 6530(2012),2012/10/26 0:00,10.1002/adma.201202328
3,スピントロニクスの基礎　磁気の直感的理解をめざして,"宮﨑 照宣, 土浦 宏紀",,"書籍（森北出版）, 2013",2013/3/28 0:00,
4,Magnetic Reversal Observation in Nano-Crystalline Nd-Fe-B Magnet by SANS,"M. Yano, K. Ono, A.Manabe, N.Miyamoto, T.Shoji, A.Kato, Y.Kaneko, M.Harada, H.Nozaki, J. Kohlbrecher",,"IEEE Transactions on Magnetics,巻48, 号11, ページ2804-2807, 2012",2012/11/1 0:00,10.1109/TMAG.2012.2206574
5,希土類磁石の省重希土類元素ならびに省希土類元素組成化技術,広沢　哲,,"日本学術振興会第１３３委員会５０周年記念誌 1 [1] 141-146, 2013",2013/6/1 0:00,
6,磁気工学の解析法,三俣千春,,"共立出版, 2013",2013/9/15 0:00,
7,The mechanism of coercivity enhancement by the grain boundary diffusion process of Nd–Fe–B sintered magnets,"H.Sepehri-Amin, T.Ohkubo, K.Hono","K.Hono,https://samurai.nims.go.jp/profiles/kazuhiro_hono","Acta Materialia, Volume 61, Issue 6, Pages 1982–1990, 2013",2013/4/1 0:00,10.1016/j.actamat.2012.12.018
8,磁性材料拠点が目指すもの-解析・評価の役割と期待,宝野和博,"宝野和博,https://samurai.nims.go.jp/profiles/kazuhiro_hono","日本分析化学会会報「ぶんせき」2013年5月号, 278-281頁",2013/5/1 0:00,
9,High-coercivity Nd–Fe–B thick films without heavy rare earth additions,"N.M.Dempsey, T.G.Woodcock, H.Sepehri-Amin, Y.Zhang, H.Kennedy, D.Givord, K.Hono, O.Gutfleisch",,"Acta Materialia, Volume 61, Issue 13, Pages 4920–4927, 2013",2013/8/1 0:00,10.1016/j.actamat.2013.04.055
10,Effect of Nd content on the microstructure and coercivity of hot-deformed Nd-Fe-B permanent magnets,"J.Liu, H.Sepehri-Amin, T.Ohkubo, K.Hioki, A.Hattori, T.Schrefl, K.Hono",,"Acta Materialia, Volume 61, Issue 14, Pages 5387–5399, 2013",2013/8/1 0:00,10.1016/j.actamat.2013.05.027
11,Enhancement of coercivity of hot-deformed Nd–Fe–B anisotropic magnet by low-temperature grain boundary diffusion of Nd60Dy20Cu20 eutectic alloy,"H.Sepehri-Amin, J.Liua, T.Ohkubo, K.Hioki, A.Hattori, K.Hono",,"Scripta Materialia, Volume 69, Issue 9, Pages 647–650, 2013",2013/11/1 0:00,10.1016/j.scriptamat.2013.07.011
12,High-coercivity ultrafine-grained anisotropic Nd-Fe-B magnets processed by hot deformation and the Nd-Cu grain boundary diffusion process,"H.Sepehri-Amin, T.Ohkubo, S.Nagashima, M.Yano, T.Shoji, A.Kato, T.Schrefl, K.Hono",,"Acta Materialia, Volume 61, Issue 17, Pages 6622–6634, 2013",2013/10/1 0:00,10.1016/j.actamat.2013.07.049
13,次世代永久磁石材料をめざしてー磁石材料の微細構造と保磁力,宝野和博,"宝野和博,https://samurai.nims.go.jp/profiles/kazuhiro_hono",日本金属学会セミナーテキスト（2013年12月26日開催）,2013/12/1 0:00,
14,Magnetic and structural properties of MnBi multilayered thin films,"T.Hozumi, P.LeClair, G.Mankey, C.Mewes, H.Sepehri-Amin, K.Hono, T.Suzuki",,"Journal of Applied Physics, Volume 115, Issue 17, Pages 17A737, 2014",2014/2/1 0:00,10.1063/1.4867127
15,High-coercivity hot-deformed Nd-Fe-B permanent magnets processed by Nd-Cu eutectic diffusion under expansion constraint,"T.Akiya, J.Liu, H.Sepehri-Amin, T.Ohkubo, K.Hioki, A.Hattori, K.Hono",,"Scripta Mater. 81, pp.48-51, 2014",2014/3/1 0:00,10.1016/j.scriptamat.2014.03.002
16,Magnetocrystalline anisotropy of the Fe-sublattice in Y2Fe14B systems,"Y. Miura, H. Tsuchiura, T. Yoshioka",,"Journal of Applid Physics, 巻115, 号17, 記事番号17A765, 2014",2014/3/20 0:00,10.1063/1.4869061
17,Magnetization Damping of an L10-FeNi Thin Film with Perpendicular Magnetic Anisotropy,"M.Ogiwara, S.Iihama, T.Seki, T.Kojima, S.Mizukami, M.Mizuguchi, K.Takanashi",,"Applied Physics Letters 103, 242409 (2013)　　　　　　　",2013/12/16 0:00,10.1063/1.4845035
18,Second-order Perturbation Formula for Magnetocrystalline Anisotropy using Orbital Angular Momentum Matrix,"TaichiKosugi, TakashiMiyake, ShojiIshibashi",,"JOURNAL OF THE PHYSICAL SOCIETY OF JAPAN. 83, 044707 (2014)",2014/3/17 0:00,10.7566/JPSJ.83.044707
19,"First-Principles Study of Magnetocrystalline Anisotropy and Magnetization in NdFe12, NdFe11Ti, and NdFe11TiN","TakashiMiyake, KiyoyukiTerakura, YosukeHarashima, HioriKino, ShojiIshibashi",,"JOURNAL OF THE PHYSICAL SOCIETY OF JAPAN. 83, 043702 (2014)",2014/3/5 0:00,10.7566/JPSJ.83.043702
20,Complex magnetic phase diagram of a geometrically frustrated Sm Lattice:Magnetometry and neutron diffraction study of SmPd2Al3,"J.Pospisil, G.Nenert, S.Miyashita, H.Kitazawa, Y.Skouski, M.Divis, J.Prokleska, V.Sechovsky",,"Physical Review B 87,214405, 2013",2013/6/1 0:00,10.1103/PhysRevB.87.214405
21,Effect of the short-range interaction on critical phenomena in elastic interaction systems,"M.Nishino, S.Miyashita",,"Physical Review B 88,014108, 2013",2013/7/1 0:00,10.1103/PhysRevB.88.014108
22,Nonadditivity in Quasiequilibrium States of Spin Systems with Lattice Distortion,T.Mori,,"Physical Review Letters,111,020601, 2013",2013/7/1 0:00,10.1103/PhysRevLett.111.020601
23,Crossover of the roughness exponent for interface growth in sysytems with long-range interactions due to lattice distortion,"M.Nishino, T.Nakada, C.Enachescu, K.Boukheddaden, S.Miyashita",,"Physical Review B 88,094303, 2013",2013/9/1 0:00,10.1103/PhysRevB.88.094303
24,Improved tetrahedron method for the Brillouin-zone integration applicable to response functions,"M.Kawamura, Y.Gohda, S.Tsuneyuki",,"PHYSICAL REVIEW B, 巻‏89, 号‏9, 記事番号09451, 2014",2014/3/14 0:00,10.1103/PhysRevB.89.094515
25,Single crystal structure analysis of a single Sm2Fe17N3 particle,"N.Inami, Y.Takeichi, T.Ueno, K.Saito, R.Sagayama, R.Kumai, K.Ono",,"JOURNAL OF APPLIED PHYSICS, 115, 17A712 (2014)",2014/1/1 0:00,10.1063/1.4862939
26,Observation of spin-wave dispersion in Nd-Fe-B magnets using neutron Brillouin scattering,"K.Ono, N.Inami, K.Saito, Y.Takeichi, M.Yano, T.Shoji, A.Manabe, A.Kato, Y.Kaneko, D.Kawana, T.Yokoo, S.Itoh",,"JOURNAL OF APPLIED PHYSICS, 115, 17A714 (2014)",2014/1/1 0:00,10.1063/1.4863380
27,Neutron Brillouin Scattering Experiments with Pulsed Neutrons on High Resolution Chopper Spectrometer HRC,"S Itoh, T Yokoo, D Kawana, Y Kaneko, Y Tokura, M Fujita, K Yoshida, K Saito, N Inami, Y Takeichi, K Ono, Y Endoh",,"Journal of Physics: Conference Series 502, UNSP 012043 (2014)",2014/2/1 0:00,10.1088/1742-6596/502/1/012043
28,Micromanipulation and Pick-Up System for X-Ray Diffraction Characterization of Micrometer-Sized Single Particles,"Y Takeichi, N Inami, T Ueno, K Saito, H Otori, R Sagayama, R Kumai, K Ono",,"Journal of Physics: Conference Series 502, UNSP 012008 (2014)",2014/2/1 0:00,10.1088/1742-6596/502/1/012008
29,Nd-Fe-B磁石の組織形成・磁気特性に対するフェーズフィールド解析,"小山敏幸, 阿部太一, 塚田祐貴, 小林能直",,"日本学術振興会第172委員会研究報告書, vol,13, No.2, (2013),116-124.",2013/10/4 0:00,
30,フェーズフィールド法入門,"小山敏幸, 高木知弘",,"丸善, 2013",2013/4/15 0:00,
31,希少元素フリー高性能永久磁石開発への元素戦略磁性材料研究拠点の取り組み,広沢　哲,,"紛体粉末冶金協会誌「粉末および粉末冶金」第62巻, 61-66, 2015",2015/2/1 0:00,10.2497/jjspm.62.61
32,JRCMニュース4月1日号の記事,広沢哲,,"一般財団法人金属系材料研究開発センター　JRCMニュース 330号, 2014",2014/4/1 0:00,
33,Magnetism in grain-boundary phase of a NdFeB sintered magnet studied by spin-polarized scanning electron microscopy,"Teruo Kohashi, Kumi Motai, Takeshi Nishiuchi, Satoshi Hirosawa",,"Applied Physics Letters, vol.104, p.232408, 2014",2014/6/1 0:00,10.1063/1.4883487
34,Hard magnetic properties of spacer-layer-tuned NdFeBTaFe nanocomposite films,"W.B. Cui, H. Sepehri-Amin, Y.K. Takahashi, K. Hono",,Acta Materialia_84_405-412 2015,2014/11/26 0:00,10.1016/j.actamat.2014.10.008
35,NdFe12Nx hard-magnetic compound with high magnetization and anisotropy field,"Y. Hirayama, Y.K. Takahashi, S. Hirosawa, K. Hono",,Scripta Materialia 95 (2015) 70–72,2014/10/20 0:00,10.1016/j.scriptamat.2014.10.016
36,Microstructure and coercivity of nitrided Mn-Sn-based alloys,"Masashi Matsuura, Keita Isogai, Keita Shinaji, Nobuki Tezuka, Satoshi Sugimoto",,"Journal of Alloys and Compounds, 605 (2014) 208-212.",2014/4/4 0:00,10.1016/j.jallcom.2014.03.158
37,Formation of the Face-Centered Cubic (FCC)-NdOx Phase at Nd/Nd-Fe-B Interface: a First-principles Modelling,"Ying Chen, Arkapol Saengdeejing, Masashi Matsuura, Satoshi Sugimoto",,"JOM 66 (2014), 1133-1137Special issue of ""Modeling of Magnetic Materials""",2014/7/1 0:00,10.1007/s11837-014-1004-1
38,First-Principles Calculations of Crystal Field Parameters of Nd Ions Near Surfaces and Interfaces in Nd-Fe-B Magnets,"Tsuchiura.H, Yoshioka.T, Novak.P",,"IEEE TRANSACTIONS ON MAGNETICS, 巻50, 号11, 記事番号2105004, 2014",2015/3/6 0:00,10.1109/TMAG.2014.2329294
39,Addition of Co to L10-ordered FeNi films:influences on magnetic properties and ordered structures,"T. Kojima, M. Mizuguchi, T. Koganezawa, M. Ogiwara, M. Kotsugi, T. Ohtsuki, T. Y. Tashiro, K. Takanashi",,"Journal of Physics D: Applied Physics, 47, 425001 (2014)",2014/9/18 0:00,10.1088/0022-3727/47/42/425001
40,Structural and magnetic properties of FeNi thin films fabricated on amorphous substrates,"T. Y. Tashiro, M. Mizuguchi, T. Kojima, T. Koganezawa, M. Kotsugi, T. Ohtsuki, K. Takanashi",,"Journal of Applied Physics, 117, 17E309 (2015)",2015/3/6 0:00,10.1063/1.4913935
41,Energy barrier analysis of Nd-Fe-B thin films,"Goto. R, Okamoto. S, Kikuchi. N, Kitakami. O",,"Journal of Applied Physics, 巻117, 号17, 記事番号17B514, 2015",2015/3/1 0:00,10.1063/1.4913940
42,Improvement of magnetic hardness at  nite temperatures:ab initio disordered local moment approach for YCo5,"Munehisa Matsumoto, Rudra Banerjee, Julie Staunton",,"Physical Review B 90, 054421 (2014)",2014/8/26 0:00,10.1103/PhysRevB.90.054421
43,Ab initio Disordered Local Moment Approach for a Doped Rare-Earth Magnet,"Munehisa Matsumoto, Rudra Banerjee, Julie B. Staunton",,"JPS Conference Proceedings, 5,011004 (2015)",2015/2/26 0:00,10.7566/JPSCP.5.011004
44,"First-Principles Study of Structural and Magnetic Properties of R(Fe,Ti)12 and R(Fe,Ti)12N (R=Nd,Sm,Y)","Yosuke Harashima, Kiyoyuki Terakura, Hiori Kino, Shoji Ishibashi, Takashi Miyake",,"JPS Conference Proceedings, 5,011021 (2015)",2015/2/26 0:00,10.7566/JPSCP.5.011021
45,Strain effects on the magnetic anisotropy of Y2Fe14B examined by first-principles calculations,"Z. Torbatian, T. Ozaki, S. Tsuneyuki, Y. Gohda",,"APPLIED PHYSICS LETTERS, 巻104, 号‏24, 記事番号242403, 2014",2014/6/1 0:00,10.1063/1.4883840
46,Direct observation of ferromagnetism in grain boundary phase of Nd-Fe-B sintered magnet using soft x-ray magnetic circular dichroism,"T. Nakamura, A. Yasui, Y. Kotani, T. Fukagawa, T. Nishiuchi, H. Iwai, T. Akiya, T. Ohkubo, Y. Gohda, K. Hono, S. Hirosawa",,"APPLIED PHYSICS LETTERS, 巻105, 号20,  記事番号202404, 2014",2014/11/1 0:00,10.1063/1.4902329
47,Doping control of realization of an extended Nagaoka ferromagnetic state from the Mott state,"H. Onishi, S. Miyashita",,"PHYSICAL REVIEW B 90, 224426 (1-11), 2014",2014/12/1 0:00,10.1103/PhysRevB.90.224426
48,"Realization of the thermal equilibrium in inhomogeneous magnetic systems by the Landau-Lifshitz-Gilbert equation with stochastic noise, and its dynamical aspects","M. Nishino, S. Miyashita",,"PHYSICAL REVIEW B 91, 134411 (1-13), 2015",2015/3/1 0:00,10.1103/PhysRevB.91.134411
49,Optimized effective potential method and application to static RPA correlation,"T. Fukazawa, H. Akai",,J. Phys.: Condens. Matter 27 (2015) 115502 -1-10,2015/3/4 0:00,10.1088/0953-8984/27/11/115502
50,Magnetization reversal of a Nd-Cu-infiltrated Nd-Fe-B nanocrystalline magnet observed with small-angle neutron scattering,"Kotaro Saito, Tetsuro Ueno, Masao Yano, Masashi Harada, Tetsurya Shoji, Noritsugu Sakuma, Akira Manabe, Akira Kato, Uwe Keiderling, Kanta Ono",,"Journal of Applied Physics 117, 17B302 (2015)",2015/2/1 0:00,10.1063/1.4908026
51,Magnetization Reversal Process in Pr-Cu Infiltrated Nd-Fe-B Nanocrystalline Magnet Investigated by Small-Angle Neutron Scattering,"Tetsuro Ueno, Kotaro Saito, Masao Yano, Masashi Harada, Tetsuya Shoji, Noritsugu Sakuma, Akira Manabe, Akira Kato, Uwe Keiderling, Kanta Ono",,"IEEE Transactions on Magnetics 50, 2103104 (2014)",2014/11/1 0:00,10.1109/TMAG.2014.2332759
52,Coverage-dependent magnetic properties of Ni ultrathin films on Pd(001) investigated using X-ray magnetic circular dichroism,"Tetsuro Ueno, Masahiro Sawada, Hisashi Furuta, Yusuke Kishimizu, Hirofumi Namatame, Masaki Taniguchi",,"Applied Physics Express 7, 063006 (2014)",2014/5/1 0:00,10.7567/APEX.7.063006
53,CALPHAD 法における異なる侵入型副格子モデル間のパラメーター変換,"阿部太一, 橋本清",,日本金属学会誌　78[7] (2014) 274-279,2014/7/1 0:00,10.2320/jinstmet.J2014003
54,Relations between Parameters in Different Sublattice Configurations for CALPHAD-Type Thermodynamic Assessments,"T. Abe, K. Hashimoto, R. Sahara, C. Kocer",,MATERIALS TRANSACTIONS. 55[11] (2014) 1683-1688,2014/10/18 0:00,10.2320/matertrans.M2014252
55,計算材料科学の進展と展望,"小野寺秀博, 阿部太一, 下野昌人, 小山敏幸",,鉄と鋼　100[10] (2014) 1207-1219,2014/10/1 0:00,10.2355/tetsutohagane.100.1207
56,計算工学による組織・特性予測技術に関する将来展望,小山敏幸,,ふぇらむ　19[9] 2014 635-639,2014/8/1 0:00,
57,3D材料組織・特性解析の基礎と応用,"新家光雄(編), 足立吉隆, 小山敏幸(著)",,"内田老鶴圃, 2014",2014/5/1 0:00,
58,Current status of research and development toward permanent magnets free from critical elements,広沢哲,,"JOURNAL OF THE MAGNETIC SOCIETY OF JAPAN(日本応用磁気学会誌), 2015 Volume 39 Issue 3 Pages 85-95",2015/5/1 0:00,10.3379/msjmag.1504R004
59,永久磁石材料開発における元素戦略的アプローチと現状,広沢哲,,"工業材料, 63(7), 57-64, 2015",2015/7/1 0:00,
60,Magnetic domain evolution in Nd-Fe-B:Cu sintered magnet visualized by scanning hard X-ray microprobe,"Motohiro Suzuki, Akira Yasui, Yoshinori Kotani, Naruki Tsuji, Tetsuya Nakamura, Satoshi Hirosawa",,"ACTA MATERIALIA  VOL.106   ページ: 155-161, 2016",2016/1/1 0:00,10.1016/j.actamat.2016.01.011
61,Formation of non-ferromagnetic grain boundary phase in a Ga-doped Nd-rich Nd-Fe-B sintered magnet,"T.T. Sasaki, T. Ohkubo, Y. Takada, T. Sato, A. Kato, Y. Kaneko, K. Hono",,"Scripta Materialia, 巻113, ページ218-221, 2016",2015/11/21 0:00,10.1016/j.scriptamat.2015.10.042
62,Micromagnetic simulation of the orientation dependence of grain boundary properties on the coercivity of Nd-Fe-B sintered magnets,"J. Fujisaki, A. Furuya, Y. Uehara, K. Shimizu, T. Ataka, T. Tanaka, H. Oshima, T. Ohkubo, S. Hirosawa, K. Hono",,"AIP Advances, 巻6, 号‏,5 記事番号056028, 2016",2016/3/21 0:00,10.1063/1.4944773
63,Strain measurements from Nd2Fe14B grains in sintered magnets using artificial moiré fringes,"Y. Murakami, T.T. Sasaki, T. Ohkubo, K. Hono,",,"ACTA MATERIALIA. 101, 101-106 (2015)",2015/12/1 0:00,10.1016/j.actamat.2015.08.058
64,Microstructure and temperature dependent of coercivity of hot-deformed Nd–Fe–B magnets diffusion processed with Pr–Cu alloy,"H. Sepehri-Amin, Lihua Liu, T. Ohkubo, M. Yano, T. Shoji, A. Kato, T. Schrefl, K. Hono,",,"ACTA MATERIALIA. 99, 297-306 (2015)",2015/10/15 0:00,10.1016/j.actamat.2015.08.013
65,Dy を使わない Nd-Fe-B 磁石の開発動向,宝野和博,,"まてりあ 54(7), 351-355 (2015)",2015/7/1 0:00,10.2320/materia.54.351
66,Rare-Earth Lean Hard Magnet Compound NdFe12N,"Y. Hirayama, T. Miyake, K. Hono,",,"JOM 67, 1344-1349 (2015)",2015/6/1 0:00,10.1007/s11837-015-1421-9 
67,"Preparation, Characterization, and Modeling of Ultrahigh Coercivity Sm–Co Thin Films","O. Akdogan, H. Sepehri-Amin, N. M. Dempsey, T. Ohkubo, K. Hono, O. Gutfleisch, T. Schrefl, D. Givord",,"ADVANCED ELECTRONIC MATERIALS, 巻1, 号5,  記事番号1500009, (2015)",2015/5/1 0:00,10.1002/aelm.201500009
68,Temperature-dependent magnetization reversal process and coercivity mechanism in Nd-Fe-B hot-deformed magnets,"S. Okamoto, R. Goto, N. Kikuchi, O. Kitakami, T. Akiya, H. Sepehri-Amin, T. Ohkubo, K. Hono, K. Hioki, A. Hattori",,"Journal of Applied Physics, 巻:118, 号:22, 記事番号: 223903, 2015",2015/12/1 0:00,10.1063/1.4937274
69,Crystal field parameters with Wannier functions: application to Nd2Fe14B systems,"T. Yoshioka, H. Tsuchiura, Novak. P",,"Materials Research Innovations, 巻:19, 補足:3, ページ:S34-S38, 2015",2015/5/26 0:00,10.1179/1432891715Z.0000000001416
70,Quasiparticle States Around a Half-quantum Vortex in a Chiral p-wave Superconducting State.,"S. Kikuchi, Y. Kikuchi, T. Yoshioka, H. Tsuchiura, Sigrist. M",,"Physics Procedia, Volume 65, 2015, Pages 93–96",2015/6/20 0:00,10.1016/j.phpro.2015.05.137
71,Robust flat bands in RCo5 (R=rare earth) compounds,"Masayuki Ochi, Ryotaro Arita, Munehisa Matsumoto, Hiori Kino, Takashi Miyake",,"PHYSICAL REVIEW B  91, 165137 (2015)",2015/4/29 0:00,10.1103/PhysRevB.91.165137
72,"Nitrogen as the best dopant among X=B, C, N, O, and F for strong permanent magnet NdFe11TiX: First-principles study","Yosuke Harashima, Kiyoyuki Terakura, Hiori Kino, Shoji Ishibashi, Takashi Miyake",,"PHYSICAL REVIEW B 92, 184426 (2015)",2015/11/25 0:00,10.1103/PhysRevB.92.184426
73,Computation of ESR spectra from the time evolution of the magnetization:Comparison of autocorrelation and Wiener-Khinchin-relation-based methods.,"H. Ikeuchi, H. De Raedt, S. Bertaina, S. Miyashita",,"PHYSICAL REVIEW B 92,214431(1-7) (2015)",2015/12/1 0:00,10.1103/PhysRevB.92.214431
74,Quantum Stoner-Wohlfarth Model,"T. Hatomura, B. Barbara, S. Miyashita",,"PHYSICAL REVIEW LETTERS.116,037203(1-5), 2016",2016/1/1 0:00,10.1103/PhysRevLett.116.037203
75,"Equilibium metastability, and hysteresis in a model spin-crossover material with nearest-neighbor antiferromagnetic-like and long-range ferromagnetic-like interactions.","P.A. Rikvold, G. Brown, S. Miyashita, C. Omand, M. Nishino",,"PHYSICAL REVIEW B 93, 064109 (1-13),2016",2016/2/1 0:00,10.1103/PhysRevB.93.064109
76,Quantum decoherence and thermalization at finite temperature within the canonical-thermal-state ensemble.,"M.A. Novotny, F. Jin, S. Yuan, S. Miyashita, H. De Raedt, K. Michielsen",,"PHYSICAL REVIEW A93, 032110 (1-46), 2016",2016/3/1 0:00,10.1103/PhysRevA.93.032110
77,統計物理学による磁気モーメントの反転に対する核生成理論の構築,"宮下精二, 西野正理",,"省/脱Dyネオジム磁石と新規永久磁気の開発,シーエムシー出版(165-171), 2015",2015/6/1 0:00,
78,相転移現象と数理モデル,宮下精二,,"数理科学,サイエンス社、54(1), 14-19,2016",2016/1/1 0:00,
79,Role of N in the Permanent Magnet Material Sm2Fe17Nx,"Masako Ogura, Ayaka Mashiyama, Hisazumi Akai",,"Journal of the Physical Society of JapanVol.84, No.8, Article ID: 084702, 2015",2015/7/7 0:00,10.7566/JPSJ.84.084702
80,遮蔽KKR法による第一原理電子状態計算,赤井　久純,,固体物理、50、473-480 (2015)　　,2015/9/15 0:00,
81,Near-field correction in the first-principles calculations by the exact two-center expansion for the inverse of the distance,"M. Ogura, C. Zecha, M. Offenberger, H. Ebert, H. Akai",,"J. Phys: Condens. Matter 27, 485201-1–8 (2015).",2015/11/13 0:00,10.1088/0953-8984/27/48/485201
82,Simple Surfactant Concentration-Dependent Shape Control of Polyhedral Fe3O4 Nanoparticles and Their Magnetic Properties,"Wanyin Ge, Ryota Sato, Hsin-Lun Wu, Toshiharu Teranishi",,"ChemPhysChem, 巻:‏16, 号:‏15, ページ:‏3200-3205, 2015",2015/8/26 0:00,10.1002/cphc.201500605
83,Structural and Magnetic Depth Profile Analyisis of L10 FeNi Film by Polarized Neutron Reflectometry,"Tetsuro Ueno, Kotaro Saito, Nobuhito Inami, Takayuki Kojima, Masaki Mizuguchi, Noboru Miyata, Kazuhiro Akutsu, Masayasu Takeda, Koki Takanashi, Kanta Ono",,"JPS Conference Proceedings, 8, 034008 (2015) [6 pages]",2015/9/25 0:00,10.7566/JPSCP.8.034008
84,Temperature dependence of post-sintered annealing on magnetic properties of intergranular phase in Nd-Fe-B permanent magnet,"Yasui. A, Nakamura. T, Kotani. Y, Fukagawa. T, Nishiuchi. T, Hirosawa. S",,"Journal of Applied Physics, 巻:‏ ,117 号:‏17, 記事番号:17B313, 2015",2015/4/8 0:00,10.1063/1.4916938
85,カルファド法とフェーズフィールド法によるNd-Fe-B磁石の組織解析,"小山敏幸, 阿部太一",,"「省/脱Dyネオジム磁石と新規永久磁石の開発」,宝野和博,広沢哲監修,シーエムシー出版, pp.66-72, 2015",2015/6/26 0:00,
86,Estimation of Materials Parameters by Data Assimilation with Phase-Field Method,"T.Koyama, Y.Tsukada, Y.Kawai",,"Proceedings of International Conference on Solid-Solid Phase Transformations  in Inorganic Materials (PTM2015), pp.831-832. 2015",2015/6/28 0:00,
87,ThMn12型窒素侵入希土類磁石化合物と永久磁石化研究の最近の進展,広沢哲,,"電気学会論文誌A（基礎・材料・共通部門誌）, Vol. 136 (2016) No. 8 P 466-471",2016/8/1 0:00,10.1541/ieejfms.136.466
88,"Perspectives for high-performance permanent magnets:applications, coercivity, and new materials","Satoshi Hirosawa, Masamichi Nishino, Seiji Miyashita",,"Advances in Natural Sciences: Nanoscience and Nanotechnology, 8(1):013002, 2017",2017/3/2 0:00,10.1088/2043-6254/aa597c
89,The influence of grain morphology and easy axis orientation on the coercivity of Sm(Co0.9Cu0.1)5 thin films,"W.B. Cui, L. Ma, H. Sepehri-Amin, Y.K. Takahashi, K. Hono",,"Acta MaterialiaVolume 107, Pages 49–58, 2016",2016/4/1 0:00,10.1016/j.actamat.2016.01.030
90,Coercivity Enhancement of Hot-deformed Nd-Fe-B Magnets by the Eutectic Grain Boundary Diffusion Process,"Lihua Liu, H. Sepehri-Amin, T. Ohkubo, M. Yano, A. Kato, T. Shoji, K. Hono",,"Journal of Alloys and CompoundsVolume 666, Pages 432–439, 2016",2016/5/1 0:00,10.1016/j.jallcom.2015.12.227
91,Coercivity of the Nd-Fe-B hot-deformed magnets diffusion-processed with low melting temperature glass forming alloys,"U.M.R. Seelam, Lihua Liu, T. Akiya, H. Sepehri-Amin, T. Ohkubo, N. Sakuma, M. Yano, A. Kato, K. Hono",,"Journal of Magnetism and Magnetic MaterialsVolume 412, Pages 234–242, 2016",2016/8/1 0:00,10.1016/j.jmmm.2016.04.005
92,Structure and chemical composition of the grain boundary phase in Nd-Fe-B sintered magnets,"T. T. Sasaki, T. Ohkubo, K. Hono",,"Acta MaterialiaVolume 115, Pages 269–277, 2016",2016/8/1 0:00,10.1016/j.actamat.2016.05.035
93,Strain measurement in ferromagnetic crystals using dark-field electron holography,"Y. Murakami, K. Niitsu, S. Kaneko, T. Tanigaki, T. Sasaki, Z. Akase, D. Shindo, T. Ohkubo, K. Hono",,"Applied Physics LettersVolume 109, 193102, Issue 19, 2016",2016/11/1 0:00,10.1063/1.4967005
94,マイクロマグネティクス計算によるNd-Fe-B磁石磁化反転過程の解析,"大久保忠勝, HosseinSepehriAmin, 宝野和博",,"日本金属学会誌Vol. 81 No. 1 p. 11-18, 2017",2016/12/25 0:00,10.2320/jinstmet.ja201602
95,ネオジム焼結磁石の微細組織—粒界相および界面組織,"佐々木泰祐, 大久保忠勝, 宝野和博",,"日本金属学会誌Vol. 81 No. 1 p. 2-10, 2017",2016/12/25 0:00,10.2320/jinstmet.JA201606
96,Large-scale micromagnetic simulation of Nd-Fe-B sintered magnets with Dy-rich shell structures,"T. Oikawa, H. Yokota, T. Ohkubo, K. Hono",,"AIP Advances 6, 056006 (2016)",2016/2/25 0:00,10.1063/1.4943058
97,Micromagnetic Simulations of Magnetization Reversals in Nd-Fe-B Based Permanent Magnets,"H. Sepehri-Amin, T. Ohkubo, K. Hono",,"Materials Transactions 57 (8), 1221-1229 (2016)",2016/6/24 0:00,10.2320/matertrans.M2015457
98,High coercivity Sm2Fe17N3 submicron size powder prepared by polymerized-complex and reduction–diffusion process,"Y. Hirayama, A.K. Panda, T. Ohkubo, K. Hono",,"Scripta Materialia 120, 27-30 (2016)",2016/7/15 0:00,10.1016/j.scriptamat.2016.03.028
99,Low-temperature Diffusion Process for Hot-deformed Bulk Permanent Magnet using RE-Cu Eutectic Alloy,"T. Akiya, K. Hioki, A. Hattori, H. Sepehri-Amin, T. Ohkubo, K. Hono",,"IEEJ Transactions on Fundamentals and Materials 136, 478-483 (2016)",2016/8/1 0:00,10.1541/ieejfms.136.478
100,Coercivities of hot-deformed magnets processed from amorphous and nanocrystalline precursors,"X. Tang, H. Sepehri-Amin, T. Ohkubo, K. Hioki, A. Hattori, K. Hono",,"Acta Materialia 123, 1-10 (2017)",2017/1/15 0:00,10.1016/j.actamat.2016.10.026
101,Microstructure and magnetic properties of grain boundary modified recycled Nd-Fe-B sintered magnets,"H. Sepehri-Amin, T. Ohkubo, M. Zaktonik, D. Prosperi, P. Afiuny, C.O. Tudor, K. Hono",,"Journal of Alloys and Compounds 694, 175-184 (2017)",2017/2/15 0:00,10.1016/j.jallcom.2016.09.305
102,Coercivity enhancement of hot-deformed Nd-Fe-B magnets by the eutectic grain boundary diffusion process using Nd62Dy20Al18 alloy,"L. Liu, H. Sepehri Amin, T. Ohkubo, M. Yano, A. Kato, N. Sakuma, T. Shoji, K. Hono",,"Scripta Materialia 129, 44-47 (2017)",2017/3/1 0:00,10.1016/j.scriptamat.2016.10.020
103,Thermocynamics of Oxygen in the Fe-Nd-O system for production of Dy free N-Fe-B Magnet,"Takahiro Oshino, Yoshinao Kobayashi, Taichi Abe, Toshiyuki Koyama",,"Materials Transactions, 2016年 57巻 10号 p.1771-1775",2016/8/26 0:00,10.2320/matertrans.M2016055
104,Growth of L10-FeNi thin films on Cu(001) single crystal substrates using oxygen and gold surfactants,"T. Kojima, M. Mizuguchi, K. Takanashi",,"Thin Solid Films, Volume 603, 31 March 2016, Pages 348-352",2016/4/1 0:00,10.1016/j.tsf.2016.02.040
105,単原子交互積層法による新規磁気異方性材料L10-FeNi薄膜の作製と特性評価 (解説),"水口将輝, 小嶋隆幸, 田代敬之, 高梨弘毅",,"まぐね/Magnetics Jpn. (日本磁気学会誌), 12(1), 13-20, 2017",2017/2/1 0:00,
106,Simultaneous magnetic and chemical imaging of Nd-Fe-B thin films by means of XMCD-PEEM technique,"R. Goto, S. Okamoto, T. Ohkochi, N. Kikuchi, O. Kitakami, T. Nakamura",,"Journal of the Magnetic Society of Japan, 2016年 40巻 4号 p.87-90",2016/4/1 0:00,10.3379/msjmag.1605R004
107,Perpendicular magnetic tunnel junction with a strained Mn-based nano layer,"K. Z. Suzuki, R. Ranjbar, J. Okabayashi, Y. Miura, A. Sugihara, H. Tsuchiura, S. Mizukami",,"Scientific Reports,6, 30249(2016)",2016/7/1 0:00,10.1038/srep30249
108,希土類磁石における界面および粒界近傍の結晶磁気異方性と保磁力,"吉岡匠哉, 土浦宏紀",,"日本金属学会誌，81(1),19-25(2016)",2016/12/25 0:00,10.2320/jinstmet.JA201604
109,First-principles Study of Stability of Cu in the Nd-rich and Nd Oxide Phases of Nd-Fe-B Permanent Magnet,"A. Saengdeejing, Y. Chen, M. Matsuura, S. Sugimoto",,"JOURNAL OF THE CHINESE CHEMICAL SOCIETY, 63 (2016), 506-512.",2016/6/1 0:00,10.1002/jccs.201500393
110,Novel mixture model for the representation of potential energy surfaces,"Tien Lam Pham, Hiori Kino, Kiyoyuki Terakura, Takashi Miyake, Hieu Chi Dam",,"Journal of Chemical Physics 145, 154103 (2016)",2016/10/17 0:00,10.1063/1.4964318
111,"First principles study on stability and magnetism of NdFe11M and NdFe11MN for M=Ti, V, Cr, Mn, Fe, Co, Ni, Cu, Zn","Yosuke Harashima, Kiyoyuki Terakura, Hiori Kino, Shoji Ishibashi, Takashi Miyake",,"Journal of Applied Physics. 120, 203904 (2016)",2016/11/30 0:00,10.1063/1.4968798
112,Temperature dependence of the threshold magnetic field for nucleation and domain wall propagation in an inhomogeneous structure with grain boundary,"S.Mohakud, S.Andraus, M. Nishino, A. Sakuma, S. Miyashita",,"Physical Review B 94, 054430,(1-13), 2016",2016/8/30 0:00,10.1103/PhysRevB.94.054430
113,Dynamics of open quantum spin systems: An assessment of the quantum master equation approach,"P.Zhao, H.De Raedt, S.Miyashita, F.Jin, K.Michielsen",,"Physical Review E 94, 022126,(1-19), 2016",2016/8/19 0:00,10.1103/PhysRevE.94.022126
114,Anomalous finite-size effect due to quasidegenerate phases in triangular antiferromagnets with long-range interactions and mapping to the generalized siz-state clock model,"M.Nishino, S. Miyashita",,"Physical Review B 94, 184434,(1-13), 2016",2016/11/28 0:00,10.1103/PhysRevB.94.184434
115,"Publisher's Note: Monte Carlo analysis for finite-temperature magnetism of Nd2Fe14B permanent magnet[Phys. Rev. B94, 174433(2016)].","Y.Toga, M. Matsumoto, S. Miyashita, H. Akai, S. Doi, T. Miyake, A. Sakuma",,"Physical Review B 94, 219901(E),(1), 2016",2016/12/8 0:00,10.1103/PhysRevB.94.219901
116,Size and temperature dependence of the line shape of ESR spectra of the XXZ antiferromagnetic chain.,"H.Ikeuchi, H.D.Raedt, S. Bertaina, S. Miyashita",,"Physical Review B 95, 024402(1-10), 2017",2017/1/4 0:00,10.1103/PhysRevB.95.024402
117,Atomistic-model study of temperature-dependent domain walls in the neodymium permanent magnet Nd2Fe14B.,"M.Nishino, Y. Toga, S. Miyashita, H. Akai, A.Sakuma, S. Hirosawa",,"Physical Review B 95, 094429 (1-7), 2017",2017/3/28 0:00,10.1103/PhysRevB.95.094429
118,ネオジム磁石の粒界構造と局所磁性の電子論,"合田義弘, 立津慶幸, 常行真司",,"日本金属学会誌, 81(1), 26-31, 2017",2017/1/1 0:00,10.2320/jinstmet.JA201601
119,First-principles study of the role of Cu in improving the coercivity of Nd-Fe-B permanent magnets,"Y. Tatetsu, S. Tsuneyuki, Y. Gohda",,"Physical Review Applied, 巻:8, 号:6, 記事番号: 064029, 2016",2016/12/1 0:00,10.1103/PhysRevApplied.6.064029
120,Epitaxially stabilized iron thin films via effective strain relief from steps,"T. Miyamachi, S. Nakashima, S. Kim, N. Kawamura, Y. Tatetsu, Y. Gohda, S. Tsuneyuki, F. Komori",,"Physical Review B, 巻:94, 号:4, 記事番号:045439, 2016",2016/7/1 0:00,10.1103/PhysRevB.94.045439
121,Relevance of 4f-3d exchange to finite-temperature magnetism of rare-earth permanent magnets: an ab-initio-based spin model approach for NdFe12N,"M. Matsumoto, H. Akai, Y. Harashima, S. Doi, T. Miyake",,"Journal of Applied Physics. 119, 213901-1-7 (2016)",2016/6/1 0:00,10.1063/1.4952989
122,磁石の秘密,赤井久純,,"日本物理学会誌、BUTSURI 71, 277-281 (2016)",2016/6/1 0:00,10.11316/butsuri.71.6_377
123,Electrical resistivity of substitutionally disordered hcp Fe–Si and Fe–Ni alloys: Chemically-induced resistivity saturation in the Earth's core,"Hitoshi Gomi, Kei Hirose , Hisazumi Akai, Yingwei Fei",,"Earth Planet. Sci. Lett. 451, 51-61 (2016)",2016/7/1 0:00,10.1016/j.epsl.2016.07.011
124,Schottky junctions studied using Korringa-Kohn-Rostoker non-equilibrium Green’s function method,"M. Ogura, H. Akai",,"J. Phys. Soc. Jpn 85, 104715-1-7 (2016)",2016/9/1 0:00,10.7566/JPSJ.85.104715
125,【紹介】3D プリンタで分子の電子雲を再現──きわめて精巧な分子模型の作製技術,"山崎淳 (東大物性研), 古宇田光 (東大物性研), 長代新治(クロスアビリティ), 千田範夫(クロスアビリティ), 古賀良太 (クロスアビリティ)",,"月刊　化学　/化学同人, 72(3), 39-42, 2017",2017/2/1 0:00,
126,Quantitative magnetic-moment mapping of a permanent-magnet material by X-ray magnetic circular dichroism nano-spectroscopy,"Tetsuro Ueno, Ai Hashimoto, Yasuo Takeichi, Kanta Ono",,"AIP Advances, 巻:7, 号:5, 記事番号: 056804, 2017",2017/1/1 0:00,10.1063/1.4975043
127,Soft x-ray spectromicroscopy using compact scanning transmission x-ray microscope at the photon factory,"Yasuo Takeichi, Tetsuro Ueno, Nobuhito Inami, Hiroki Suga, Yoshio Takahashi, Kanta Ono",,"AIP Conference Proceedings, 巻:1741, 記事番号:030047, 2016",2016/7/1 0:00,10.1063/1.4952870
128,Multiple magnetic scattering in small-angle neutron scattering of Nd–Fe–B nanocrystalline magnet,"Tetsuro Ueno, Kotaro Saito, Masao Yano, Masaaki Ito, Tetsuya Shoji, Noritsugu Sakuma, Akira Kato, Akira Manabe, Ai Hashimoto, Elliot P. Gilbert, Uwe Keiderling, Kanta Ono",,"Scientific Reports, 巻:6, 記事番号:28167, 2016",2016/6/1 0:00,10.1038/srep28167
129,Relation between electronic structure and magnetic anisotropy in amorphous TbCo films probed by x-ray magnetic circular dichroism,"T. Ueno, N. Inami, R. Sagayama, Z. Wen, M. Hayashi, S. Mitani, R. Kumai, K. Ono",,"Journal of Physics D: Applied Physics, 巻:49, 号:20, 記事番号:205001, 2016",2016/4/1 0:00,10.1088/0022-3727/49/20/205001
130,中性子ビームでみる永久磁石材料の内部磁気構造,上野哲朗,,"CROSS T&T　第55号, 40-43, 2017",2017/2/1 0:00,
131,硬Ｘ線ナノビームによる焼結磁石材料の解析,鈴木基寛,,"日本磁気学会誌「まぐね」11巻, 4号, 187-193, 2016",2016/8/1 0:00,
132,フェーズフィールド法の進歩と今後の展開,小山敏幸,,"セラミックデータブック2016(工業と製品), 工業製品技術協会(株式会社テクノプラザ), vol.44, No.98, 小宮山印刷,41-46.",2016/12/5 0:00,
133,ネオジム磁石の粒界相形成に対するフェーズフィールドシミュレーション,"小山敏幸, 塚田祐貴, 阿部太一, 小林能直",,"日本金属学会誌, 81, 43-48, 2017",2016/12/12 0:00,10.2320/jinstmet.JA201603
134,Ligand-Driven Exchange Coupling in Graphene-Based Magnetic Materials,"Nguyen Van Thanh, Nguyen Anh Tuan, Pham Thi Tuan Anh, Nguyen Viet Cuong, Dam Hieu Chi",,"Materials Transactions, 57，10，1680-1684 (2016)",2016/8/26 0:00,10.2320/matertrans.M2016092
135,Characterization of α-Fe-Free Heteroepitaxial NdFe12-xTix Thin-Film Materials with a Novel Cubic Laves Fe2Ti Phase,"J.P. Hadorn, Y. Hirayama, T. Ohkubo",,"Metallurgical and Materials Transactions A 49 (1),　2017, 395-405",2018/1/1 0:00,10.1007/s11661-017-4416-z
136,Coercivity enhancement of hot-deformed Ce-Fe-B magnets by grain boundary infiltration of Nd-Cu eutectic alloy,"Xin Tang, H Sepehri-Amin, T Ohkubo, M Yano, M Ito, A Kato, N Sakuma, T Shoji, T Schrefl, K Hono",,"Acta Materialia 144, 2018, 884-895",2018/2/1 0:00,10.1016/j.actamat.2017.10.071
137,Magnetization reversal of exchange-coupled and exchange-decoupled Nd-Fe-B magnets observed by magneto-optical Kerr effect microscopy,"M Soderžnik, H Sepehri-Amin, TT Sasaki, T Ohkubo, Y Takada, T Sato, Y Kaneko, A Kato, T Schrefl, K Hono",,"Acta Materialia 135, 2017, 68-76",2017/8/1 0:00,10.1016/j.actamat.2017.05.006
138,"First-Principles study on the magnetic properties of ordered Nd6(Fe,Ga)14 alloys","K.hyodo, Y.toga, A.Sakuma",,"Journal of Applied PhysicsNumber 122 page 243904-1～243904-5, 2017",2017/12/1 0:00,10.1063/1.5007723
139,Interplay between staggered flux and d-wave superconducting orders in t-t′-J model,"K.Kobayashi, H.Yokoyama, Y.toga",,"Journal of Physics:Conference Series, 巻:1054, 記事番号:UNSP 012016, 2018",2017/12/1 0:00,10.1088/1742-6596/1054/1/012016
140,Magnetic tunnel junctions with an equiatomic quaternary CoFeMnSi Heusler alloy electrode,"L Bainsla, KZ Suzuki, M Tsujikawa, H Tsuchiura, M Shirai, S Mizukami",,"Applied Physics Letters, 巻:112, 号:5, 記事番号:052403, 2018",2018/1/1 0:00,10.1063/1.5002763
141,Study on Using Materials for a Purple Glass Bottle Manufactured at Edo-Era,"F Kirino, K Yokoyama, M Saigan, M Igari, H Tsuchiura",,"Journal of the Japan Institute of Metals and Materials, 巻:82, 号:2, ページ:44-51, 2018",2017/12/12 0:00,10.2320/jinstmet.J2017033
142,アークプラズマ蒸着法による複合磁性ナノ粒子の作製,"松浦昌志, 五十嵐拓也, 山本鉄郎, 手束展規, 杉本諭",,"粉体および粉末冶金(J. Jpn. Soc. Powder Powder Metallurgy), Vol64, No.7, pp 364-371, 2017",2017/7/1 0:00,10.2497/jjspm.64.364
143,α-Fe/FePd複合粉末の作製と磁気特性,"阿部 格, 小川 智之, 松浦 昌志, 手束 展規, 齊藤 伸, 杉本 諭",,"電気学会マグネティックス研究会資料 （MAG-17-69～74 ）, 2017",2017/8/1 0:00,
144,Fabrication and characterization of L10-ordered FeNi thin films,"K. Takanashi, M. Mizuguchi, T. Kojima, T. Tashiro",,"Journal of Physics D: Applied Physics 50, 483002 (2017).",2017/10/1 0:00,10.1088/1361-6463/aa8ff6
145,Fabrication of L10-FeNi phase by sputtering with rapid thermal annealing,"Takayuki Tashiro, Masaki Mizuguchi, Takayuki Kojima, Tomoyuki Koganezawa,Masato Kotsugi, Takumi Ohtsuki, Kazuhisa Sato, Toyohiko Konno, Koki Takanashi",,"Journal of Alloys and Compounds 750, (2018) 164.",2018/2/1 0:00,10.1016/j.jallcom.2018.02.318
146,ナノ秒パルス磁場を用いたNd-Fe-B薄膜の磁化反転過程,"門ノ沢 和也, 菊池 伸明, 後藤 龍太, 岡本 聡, 北上 修",,"電気学会論文誌Ａ（基礎・材料・共通部門誌）, 137(7), 374-379, 2017",2017/7/1 0:00,10.1541/ieejfms.137.374
147,First-order reversal curve (FORC)解析と永久磁石材料への適用,"岡本 聡, 蓬田貴裕, 宮澤和則, 菊池伸明, 北上 修, 渡辺奈生巳, 吹田尚久",,"まてりあ, 56(9), 533-540, 2017",2017/9/1 0:00,10.2320/materia.56.533
148,Temperature and field direction dependences of first-order reversal curve (FORC) diagrams of hot-deformed Nd-Fe-B magnets,"T. Yomogita, S. Okamoto, N. Kikuchi, O. Kitakami, H. Sepehri-Amin, T. Ohkubo, K. Hono, T. Akiya, K. Hioki, A. Hattori",,"Journal of Magnetism and Magnetic Materials, 巻:447, ページ:110-115, 2018",2017/9/1 0:00,10.1016/j.jmmm.2017.09.072
149,"First-principles study of intersite magnetic couplings in NdFe12 and NdFe12X (X = B, C, N, O, F)","Taro Fukazawa, Hisazumi Akai, Yosuke Harashima, Takashi Miyake",,"Journal of Applied Physics. 122, 053901(1-9) (2017)",2017/5/1 0:00,10.1063/1.4996989
150,Crystal structure prediction accelerated by Bayesian optimization,"Tomoki Yamashita, Nobuya Sato, Hiori Kino, Takashi Miyake, Koji Tsuda, Tamio Oguchi",,"Physical Review Materials 2, 013803(1-6) (2018)",2018/1/1 0:00,10.1103/PhysRevMaterials.2.013803
151,"First-principles study of intersite magnetic couplings and Curie temperature in RFe12-xCrx (R=Y, Nd, Sm)","Taro Fukazawa, Hisazumi Akai, Yosuke Harashima, Takashi Miyake",,"Journal of the Physical Society of Japan. 87, 044706(1-5) (2018)",2018/3/1 0:00,10.7566/JPSJ.87.044706
152,Quantum theory of rare-earth magnets,"Takashi Miyake, Hisazumi Akai",,"Journal of the Physical Society of Japan. 87, 041009(1-10) (2018)",2018/1/1 0:00,10.7566/JPSJ.87.041009
153,Cluster evolution in molecular three-dimensional spin-crossover systems,"Laurentiu Stoleriu, Masamichi Nishino, Seiji Miyashita, Alexandru Stancu, Andreas Hauser, Cristian Enachescu",,"Physical Review B 96, 064115 (1-6), 2017",2017/8/1 0:00,10.1103/PhysRevB.96.064115
154,Synergetic effect of spin-orbit coupling and Zeeman splitting on the optical conductivity in the one-dimensional Hubbard model,"Adrien Bolens, Hosho Katsura, Masao Ogata, Seiji Miyashita",,"Physical Review B 95, 235115(1-8), 2017",2017/6/1 0:00,10.1103/PhysRevB.95.235115
155,Distribution of eigenstate populations and dissipative beating dynamics in uniaxial single-spin magnets,"Takuya Hatomura, Bernard Barbara, Seiji Miyashita",,"Physical Review B 96, 134309 (1-10), 2017",2017/10/1 0:00,10.1103/PhysRevB.96.134309
156,Shortcuts to Adiabaticity in the Infinite-Range Ising Model by Mean-Field Counter-Diabatic Driving,Takuya Hatomura,,"JOURNAL OF THE PHYSICAL SOCIETY OF JAPAN. 86, 094002 (1-6), 2017",2017/8/1 0:00,10.7566/JPSJ.86.094002
157,Shortcuts to adiabatic cat-state generation in bosonic Josephson junctions.,Takuya Hatomura,,"NEW JOURNAL OF PHYSICS .20, 015010 (1-13), 2018",2018/1/1 0:00,10.1088/1367-2630/aaa117
158,Diffusive real-time dynamics of a particle with Berry curvature,"Kou Misaki, Seiji Miyashita, Naoto Nagaosa",,"PHYSICAL REVIEW B  97, 075122 (1-10), 2018",2018/2/1 0:00,10.1103/PhysRevB.97.075122
159,L-edge resonant magneto-optical Kerr effect of a buried Fe nanofilm,"Y. Kubota, M. Taguchi, H. Akai, Sh. Yamamoto, T. Someya, Y. Hirata, K. Takubo, M. Araki, M. Fujisawa, K. Yamamoto, Y. Yokoyama, S. Yamamoto, M. Tsunoda, H. Wadati, S. Shin, I. Matsuda",,"Physical Review B 96, 134432-1--6 (2017)　　",2017/10/1 0:00,10.1103/PhysRevB.96.134432
160,Determination of the element-specific complex permittivity using a soft X-ray phase modulator,"Y. Kubota, Y. Hirata, J. Miyawaki, S. Yamamoto, H. Akai, R. Hobara, Sh. Yamamoto, K. Yamamoto, T. Someya, K. Takubo, Y. Yokoyama, M. Araki, M. Taguchi, Y. Harada, H. Wadati, M. Tsunoda, R. Kinjo, A. Kagamihata, T. Seike, M. Takeuchi, T.Tanaka, S. Shin, I. Matsuda",,"Physical Review B 96, 214417-1-6 (2017)",2017/10/1 0:00,10.1103/PhysRevB.96.214417
161,Maximum performance of permanent magnet materials,H. Akai,,"Scripta Materialia (2018), 巻:154, ページ:300-304, 2018",2017/2/1 0:00,10.1016/j.scriptamat.2018.02.006
162,First-principles calculation of transition-metal Seebeck coefficients,"S. Kou, H. Akai",,"Solid State Communications (2018), 巻:276, ページ:1-4, 2018",2017/2/1 0:00,10.1016/j.ssc.2018.02.018
163,Adaptive design of an X-ray magnetic circular dichroism spectroscopy experiment with Gaussian process modelling,"Tetsuro Ueno, Hideitsu Hino, Ai Hashimoto, Yasuo Takeichi, Masahiro Sawada, Kanta Ono",,"npj Computational Materials 4, 4 (2018)",2018/1/1 0:00,10.1038/s41524-017-0057-4
164,量子ビームを用いた永久磁石材料の評価分析,小野寛太,,"まてりあ, 56, 199 (2017)",2017/1/1 0:00,10.2320/materia.56.199
165,Quantitative evaluation of site preference in Dy-substituted Nd2Fe14B,"Kotaro Saito, Shotaro Doi, Taichi Abe, Kanta Ono",,"Journal of Alloys and Compounds, 巻:721, ページ:476-481, 2017",2017/4/1 0:00,10.1016/j.jallcom.2017.04.155
166,フェーズフィールド法と特性計算の新潮流,小山敏幸,,"特殊鋼, vol.66, pp.36-39, 2017",2017/7/1 0:00,
167,第4章 スピノーダル分解　–その基礎から発展へ–,小山敏幸,,"日本金属学会セミナーテキスト「状態図および相変態の基礎と応用 −計算工学の観点から−」,No.113, pp.29-37, 2018",2018/1/1 0:00,
168,Machine learning reveals orbital interaction in materials,"Tien-Lam Pham, Hiori Kino, Kiyoyuki Terakura, Takashi Miyake, Koji Tsuda, Ichigaku Takigawa, Hieu-Chi Dam",,"Science and Technology of Advanced Materials, 巻:18, 号:1, ページ:756-765, 2017",2017/10/1 0:00,10.1080/14686996.2017.1378060
169,A Chemical Bond-based Representation of Materials,"Van-Doan Nguyen, Dinh-Khiet Le, Tien-Lam Pham, Hieu-Chi Dam",,"The Thirty-second Annual Conference on Neural Information Processing Systems (NIPS) 2017, Machine Learning for Molecules and Materials Workshop proceeding, arXiv:1712.01663v2",2017/12/1 0:00,
170,Neural Network for Learning Universal Atomic Forces,"Tien-Lam Pham, Hiori Kino, Takashi Miyake, Viet-Cuong Nguyen, Hieu-Chi Dam",,"The Thirty-second Annual Conference on Neural Information Processing Systems (NIPS) 2017, Machine Learning for Molecules and Materials Workshop proceeding",2017/12/1 0:00,
171,Learning structure-property relationship in crystalline materials: A study of lanthanide-transition metal alloys,"Tien-Lam Pham, Duong-Nguyen Nguyen, Van-Doan Nguyen, Hiori Kino, Takashi Miyake, Hieu-Chi Dam",,"The Journal of Chemical Physics, 巻:148, 号:20, 記事番号:204106, 2018",2017/5/1 0:00,10.1063/1.5021089
172,Electron Theory on Grain-Boundary Structures and Local Magnetic Properties of Neodymium Magnets,"Yoshihiro Gohda, Tatetsu Yasutomi, S. Tsuneyuki",,"MATERIALS TRANSACTIONS. 巻:59, 号:3, ページ:332-337, 2018",2018/2/1 0:00,10.2320/matertrans.M2017258
173,Computational phase diagrams for the Nd-based magnets based on the combined ab initio /CALPHAD approach,"Taichi Abe, Ying Chen, Arkapol Saengdeejimg, Yoshinao Kobayashi",,"Scripta Materialiavolume 154, Pages 305-310, 2018",2018/9/1 0:00,10.1016/j.scriptamat.2018.01.030
174,Role of Ga on the high coercivity of Nd-rich Ga-doped Nd-Fe-B sintered magnet,"TT Sasaki, Y Takada, H Okazaki, T Ohkubo, T Nakamura, T Sato, A Kato, Y Kaneko, K Hono",,"Journal of Alloys and Compounds, 巻:790, ページ:750-759, 2019",2019/3/7 0:00,10.1016/j.jallcom.2019.03.114 
175,Development of ultra-fine grain sized SmFe12-based powders using hydrogenation disproportionation desorption recombination process,"I Dirba, H Sepehri-Amin, T Ohkubo, K Hono",,"Acta Materialia, 巻:165, ページ:373-380, 2019",2019/2/15 0:00,10.1016/j.actamat.2018.11.065
176,Comparison of coercivity and squareness in hot-deformed and sintered magnets produced from a Nd-Fe-B-Cu-Ga alloy,"XD Xu, H Sepehri-Amin, TT Sasaki, M Soderžnik, X Tang, T Ohkubo, K Hono",,"Scripta Materialia, 巻:160, ページ:9-14, 2019",2019/2/1 0:00,10.1016/j.scriptamat.2018.09.028
177,Magnetization reversal process of anisotropic hot-deformed magnets observed by magneto-optical Kerr effect microscopy,"M Soderžnik, J Li, Lihua Liu, H Sepehri-Amin, T Ohkubo, N Sakuma, T Shoji, A Kato, T Schrefl, K Hono",,"Journal of Alloys and Compounds, 巻:771, ページ:51-59, 2019",2019/1/15 0:00,10.1016/j.jallcom.2018.08.231
178,Coercivity and its thermal stability of NdFeB hot-deformed magnets enhanced by the eutectic grain boundary diffusion process,"J Li, Lihua Liu, H Sepehri-Amin, Xin Tang, T Ohkubo, N Sakuma, T Shoji, A Kato, T Schrefl, K Hono",,"Acta Materialia, Volume 161, December 2018, Pages 171-181",2018/12/1 0:00,10.1016/j.actamat.2018.09.018
179,Microstructure of a Dy-free Nd-Fe-B sintered magnet with 2T coercivity,"XD Xu, TT Sasaki, JN Li, ZJ Dong, H Sepehri-Amin, TH Kim, T Ohkubo, T Schrefl, K Hono",,"Acta Materialia, 巻:156, ページ:146-157, 2018",2018/9/1 0:00,10.1016/j.actamat.2018.06.037
180,Searching the weakest link: Demagnetizing fields and magnetization reversal in permanent magnets,"J Fischbacher, A Kovacs, Lukas Exl, Julian Kühnel, Eduard Mehofer, H Sepehri-Amin, T Ohkubo, K Hono, T Schrefl",,"Scripta Materialia, Volume 154, September 2018, Pages 253-258",2018/9/1 0:00,10.1016/j.scriptamat.2017.11.020
181,Origin of the coercivity difference in Nd-Fe-B sintered magnets processed from hydrogenation-disproportionation-desorption-recombination powder and jet-milled powder,"XD Xu, TT Sasaki, Y Une, H Kubo, T Ohkubo, M Sagawa, K Hono",,"Acta Materialia, 巻:151, ページ:293-300, 2018",2018/6/1 0:00,10.1016/j.actamat.2018.03.062
182,Coercivity enhancement of Nd-Fe-B hot-deformed magnets by the eutectic grain boundary diffusion process using Nd-Ga-Cu and Nd-Fe-Ga-Cu alloys,"Lihua Liu, H Sepehri-Amin, TT Sasaki, T Ohkubo, M Yano, N Sakuma, A Kato, T Shoji, K Hono",,"AIP Advances, 巻:8, 号:5, 記事番号:056205, 2018",2018/5/12 0:00,10.1063/1.5006575
183,Suppression of non-oriented grains in Nd-Fe-B hot-deformed magnets by Nb doping,"Xin Tang, H Sepehri-Amin, T Ohkubo, K Hono",,"Scripta Materialia, 巻:147, ページ108-113, 2018",2018/4/1 0:00,10.1016/j.scriptamat.2017.12.032
184,Emergence of coercivity in Sm(Fe0.8Co0.2)(12) thin films via eutectic alloy grain boundary infiltration,"D.Ogawa, X.D.Xu, Y.K.Takahashi, T.Ohkubo, S.Hirosawa, K.Hono",,SCRIPTA MATERIALIA  Volume: 164  Pages: 140-144  (2019),2019/2/11 0:00,10.1016/j.scriptamat.2019.02.001
185,"High melting point metal (Pt, W) seed layer for grain size refinement of FePt-based heat-assisted magnetic recording media","Jian Wang, Dong Liu, Ippei Suzuki, Yukiko Takahashi, Mi Yan, Kazuhiro Hono",,APPLIED PHYSICS EXPRESS  Volume: 12  Issue: 2  Article Number: 023007  (2019),2019/1/31 0:00,10.7567/1882-0786/aafca3
186,Time domain magnetization dynamics study to estimate interlayer exchange coupling constant in Nd-Fe-B/Ni80Fe20 films,"R.Mandal, D Ogawa, Y.Tamazawa, K.Ishioka, T.Shima, T.Kato, S.Iwata, Y.K.Takahashi, S.Hirosawa, K.Hono",,JOURNAL OF MAGNETISM AND MAGNETIC MATERIALS  Volume: 468  Pages: 273-278  (2018),2018/8/6 0:00,10.1016/j.jmmm.2018.08.010
187,Reprint of Prospect for HRE-free high coercivity Nd-Fe-B permanent magnets,"K.Hono, H.Sepehri-Amin",,"SCRIPTA MATERIALIA, 巻:154, ページ:277-283, 2018",2018/7/17 0:00,10.1016/j.scriptamat.2018.05.003
188,Intrinsic magnetic properties of Sm(Fe1-xCox)(11)Ti and Zr-substituted Sm1-yZry(Fe(0.8)Co(0.)2)(11.5)Ti(0.5)compounds with ThMn12 structure toward the development of permanent magnets,"P.Tozman, H.Sepehri-Amin, Y.K.Takahashi, S.Hirosawa, K.Hono",,"ACTA MATERIALIA, 巻:153, ページ:354-363, 2018",2018/5/5 0:00,10.1016/j.actamat.2018.05.008
189,Magnetization measurements for grain boundary phases in Ga-doped Nd-Fe-B sintered magnet,"K.Niitsu, A.Sato, T.T.Sasaki, R.Sawada, Y.Cho, Y.Takada, T.Sato, Y.Kaneko, A.Kato, T.Ohkubo, D.Shindo, K.Hono, Y.Murakami",,"JOURNAL OF ALLOYS AND COMPOUNDS, 巻:752, ページ:220-230, 2018",2018/4/9 0:00,10.1016/j.jallcom.2018.04.055
190,Site-specific magnetic anisotropies in R2Fe14B systems,"T. Yoshioka, H. Tsuchiura",,"Applied Physics Letters, 巻:112, 号:16, 記事番号:162405, 2018",2018/4/18 0:00,10.1063/1.5018875
191,Bridging atomistic magnetism and coercivity in Nd-Fe-B magnets,"H. Tsuchiura, T. Yoshioka, P. Nova'k",,"Scripta Materialia, 巻:154, ページ:248-252, 2018",2018/7/17 0:00,10.1016/j.scriptamat.2018.04.023
192,Elastic and Magnetoelastic Properties of Fe-Rich Tetragonal Y–Fe Compounds: Phenomenology and Electron Theory,"J. Inoue, T. Yoshioka, H. Tsuchiura",,"IEEE TRANSACTIONS ON MAGNETICS, 巻:55, 号:2, 記事番号:2100304, 2019",2018/9/6 0:00,10.1109/TMAG.2018.2865542
193,Exchange-interaction by the induced growth of the soft phase on the extreme hard phase,"Hoju Kang, Satoshi Sugimoto",,"AIP Advance, 8 (2018) 105036",2018/10/1 0:00,10.1063/1.5042626
194,High coercive Zn-bonded Sm-Fe-N magnets prepared using fine Zn particles with low oxygen content,"Masashi Matsuura, Tomoki Shiraiwa, Nobuki Tezuka, Satoshi Sugimoto, Tetsuya Shoji, Noritsugu Sakuma, Kazuaki Haga",,"Journal of Magnetism and Magnetic Materials, 452 (2018) 243.",2018/12/1 0:00,10.1016/j.jmmm.2017.12.059
195,Increase of energy products of Zn-bonded Sm-Fe-N magnets with low oxygen content,"Masashi Matsuura, Yuki Nishijima, Nobuki Tezuka, Satoshi Sugimoto, Tetsuya Shoji, Noritsugu Sakuma",,"Journal of Magnetism and Magnetic Materials, 467 (2018) 64.",2018/7/1 0:00,10.1016/j.jmmm.2018.07.064
196,Preparation of Mn-diffused Sm-Fe-N core-shell powder by reduction diffusion process,"Masashi Matsuura, Keisuke Yarimizu, Yohei Osawa, Nobuki Tezuka, Satoshi Sugimoto, Takashi Ishikawa, Yukinobu Yoneyama",,"Journal of Magnetism and Magnetic Materials, 471 (2019) 310.",2018/9/1 0:00,10.1016/j.jmmm.2018.09.084
197,低酸素化によるSm-Fe-N系バルク磁石の高特性化,"松浦 昌志, 西島 佑樹, 手束 展規, 杉本 諭",,"電気学会マグネティックス研究会資料, MAG-18-191, IEE Japan 2018(184-192), 41-45",2018/12/1 0:00,
198,d-HDDR処理したNd-Fe-B-Ga-Nb磁石粉末の磁気異方性と微細組織および結晶方位との関係,"堀川高志, 山崎理央, 三嶋千里, 松浦昌志, 杉本 諭",,"電気学会マグネティックス研究会資料, MAG-18-199, IEE Japan 2018(193-203), 37-42",2018/12/1 0:00,
199,First-order reversal curve analysis of a Nd-Fe-B sintered magnet with soft X-ray magnetic circular dichroism microscopy,"K. Miyazawa, S. Okamoto, T. Yomogita, N. Kikuchi, O. Kitakami, K. Toyoki, D. Billington, Y. Kotani, T. Nakamura, T. Sasaki, T. Ohkubo, K. Hono",,"ACTA MATERIALIA, 巻:162, ページ:1-9, 2018",2018/9/18 0:00,10.1016/j.actamat.2018.09.053
200,Fabrication of L10-FeNi films by denitriding FeNiN films,"K. Ito, M. Hayashida, M. Mizuguchi, T. Suemasu, H. Yanagihara, K. Takanashi",,"Journal of the Magnetics Society of Japan, 43, 79-83 (2019)",2019/7/1 0:00,10.3379/msjmag.1907R002
201,L10型FeNi超格子薄膜材料の作製と磁気特性,"水口将輝, 小嶋隆幸, 高梨弘毅",,次世代永久磁石の開発最前線 -磁性の解明から構造解析、省・脱レアアース磁石、モータ応用まで- 第2編第4章第4節,2019/2/1 0:00,
202,Effect of  R-site substitution and the pressure on stability of RFe12: A first-principles study,"Yosuke Harashima, Taro Fukazawa, Hiori Kino, Takashi Miyake",,"Journal of Applied Physics. 124, 163902 (2018)",2018/10/18 0:00,10.1063/1.5050057
203,First-principles study of spin-wave dispersion in Sm(Fe1−xCox)12,"Taro Fukazaw, Hisazumi Akai, Yosuke Harashima, Takashi Miyake",,"JOURNAL OF MAGNETISM AND MAGNETIC MATERIALS, 469, 296 (2019)",2019/1/1 0:00,10.1016/j.jmmm.2018.08.071
204,Exploration of the effects of dipole-dipole interactions in Nd2Fe14B thin films based on a stochastic cutoff method with a novel efficient algorithm,"T. Hinokihara, M. Nishino, Y. Toga, S. Miyashita",,"Physical Review B 97, 104427(1-8) (2018)",2018/4/1 0:00,10.1103/PhysRevB.97.104427
205,Anisotropy of exchange stiffness based on atomic-scale magnetic properties in the rare-earth permanent magnet Nd2Fe14B,"Y. Toga, M. Nishino, S. Miyashita, T. Miyake, A. Sakuma",,"Physical Review B 98, 054418, (1-10) (2018)",2018/8/1 0:00,10.1103/PhysRevB.98.054418
206,Multistability in an unusual phase diagram induced by the competition between antiferromagnetic-like short-range and ferromagnetic-like long-range interactions,"M. Nishino, P. A. Rikvold, C. O. Omand, S. Miyashita",,"Physical Review B 98, 144402 (1-13) (2018)",2018/10/1 0:00,10.1103/PhysRevB.98.144402
207,Large-Scale Micromagnetics Simulation of Magnetization Dynamics in a Permanent Magnet during the Initial Magnetization Process,"Hiroshi Tsukahara, Kaoru Iwano, Chiharu Mitsumata, Tadashi Ishikawa, Kanta Ono",,"PHYSICAL REVIEW APPLIED, 巻:11, 号:1, 記事番号:014010, 2019",2019/1/7 0:00,10.1103/PhysRevApplied.11.014010
208,能動学習の基礎と材料工学への適用例,"日野英逸, 田口優介, 上野哲朗, 小野寛太",,"まてりあ 58, 7 (2019)",2019/1/1 0:00,10.2320/materia.58.7
209,機械学習による X 線スペクトル計測の効率化,"上野哲朗, 日野英逸, 小野寛太",,"表面と真空 62, 147 (2019)",2019/1/1 0:00,10.1380/vss.62.147
210,Accelerating small-angle scattering experiments on anisotropic samples using kernel density estimation,"Kotaro Saito, Masao Yano, Hideitsu Hino, Tetsuya Shoji, Akinori Asahara, Hidekazu Morita, Chiharu Mitsumata, Joachim Kohlbrecher, Kanta Ono",,"SCIENTIFIC REPORTS. 9, 1526 (2019)",2019/1/1 0:00,10.1038/s41598-018-37345-5
211,非順序実行型データベースにより多次元配列データを管理するマテリアルズ・インフォマティクス・プラットフォームの開発,"淺原彰規, 森田秀和, 海野英一郎, 池本理, 小野寛太",,"情報処理学会デジタルプラクティス10, 1 (2019)",2019/1/1 0:00,
212,Automated estimation of materials parameter from X-ray absorption and electron energy-loss spectra with similarity measures,"Yuta Suzuki, Hideitsu Hino, Masato Kotsugi, Kanta Ono",,"npj Computational Materials 5, 39 (2019)",2019/3/1 0:00,10.1038/s41524-019-0176-1
213,Machine Learning-based Crystal Structure Prediction for X-Ray Microdiffraction,"Yuta Suzuki, Hideitsu Hino, Yasuo Takeichi, Takafumi Hawai, Masato Kotsugi, Kanta Ono",,"Microscopy and Microanalysis. 24, 142-143, (2018)",2018/9/1 0:00,10.1017/S1431927618013107
214,Extraction of Physical Parameters from X-ray Spectromicroscopy Data Using Machine Learning,"Yuta Suzuki, Hideitsu Hino, Tetsuro Ueno, Yasuo Takeichi, Masato Kotsugi, Kanta Ono",,"Microscopy and Microanalysis. 24, 478-479, (2018)",2018/9/1 0:00,10.1017/S1431927618014629
215,Temperature dependence of the crystal structures and phase fractions of secondary phases in a Nd-Fe-B sintered magnet,"N. Tsuji, H. Okazaki, W. Ueno, Y. Kotani, D. Billington, A. Yasui, S. Kawaguchi, K. Sugimoto, K. Toyoki, T. Fukagawa, T. Nishiuchi, Y. Gohda, S. Hirosawa, K. Hono, T. Nakamura*",,"ACTA MATERIALIA. 154, 25-32 (2018).",2018/5/22 0:00,10.1016/j.actamat.2018.05.020
216,Realization of a scanning soft X-ray microscope for magnetic imaging under high magnetic fields,"Y. Kotani, Y. Senba, K. Toyoki, D. Billington, H. Okazaki, A. Yasui, W. Ueno, H. Ohashi, S. Hirosawa, Y. Shiratsuchi, T. Nakamura",,"JOURNAL OF SYNCHROTRON RADIATION. 25, 1444-1449 (2018).",2018/8/1 0:00,10.1107/S1600577518009177
217,Unmasking the interior magnetic domain structure and evolution in Nd-Fe-B sintered magnets through high-field magnetic imaging of the fractured surface,"D. Billington, K. Toyoki, H. Okazaki, Y. Kotani, T. Fukagawa, T. Nishiuchi, S. Hirosawa, T. Nakamura",,"PHYSICAL REVIEW MATERIALS. 2, 104413 (2018)",2018/10/26 0:00,10.1103/PhysRevMaterials.2.104413
218,ネオジム磁石の粒界相形成メカニズムに対するフェーズフィールド解析,"小山敏幸, 塚田祐貴",,"次世代永久磁石の開発最前線(第1編 第1章 第4節), NTS.",2019/2/15 0:00,
219,Committee machine that votes for similarity between materials,"Duong-Nguyen Nguyen, Tien-Lam Pham, Viet-Cuong Nguyen, Tuan-Dung Ho, Truyen Tran, Keisuke Takahashi, Hieu-Chi Dam",,"IUCrJ (International Union of Crystallography Journal), 巻:5, ページ:830-840, 2018",2018/9/21 0:00,10.1107/S2052252518013519
220,Important Descriptors and Descriptor Groups of Curie Temperatures of Rare-earth Transition-metal Binary Alloys,"Hieu Chi Dam, Viet Cuong Nguyen, Tien Lam Pham, Anh Tuan Nguyen, Kiyoyuki Terakura, Takashi Miyake, Hiori Kino",,"Journal of the Physical Society of Japan, 巻:87, 号:11, 記事番号:113801, 2018",2018/10/29 0:00,10.7566/JPSJ.87.113801
221,Hidden order in amorphous structures: Extraction of nearest neighbor networks of amorphous Nd-Fe alloys with Gabriel graph analyses,"A. Terasawa, Y. Gohda",,"JOURNAL OF CHEMICAL PHYSICS, 巻:149, 号:15, 記事番号:154502, 2018",2018/10/1 0:00,10.1063/1.5045222
222,"Role of typical elements in Nd2Fe14X (X=B, C, N, O, F)","Y. Tatetsu, Y. Harashima, T. Miyake, Y. Gohda",,"Physical Review Materials, 2(7), 074410 - July 2018",2018/7/1 0:00,10.1103/PhysRevMaterials.2.074410
223,"First-principles study on substitution effects in Nd2(Fe, X)14B","Y. Tatetsu, S. Tsuneyuki, Y. Gohda",,"Materialia, Volume 4, December 2018, Pages 388-394",2018/11/1 0:00,10.1016/j.mtla.2018.10.018
224,First-principles prediction of one-dimensional giant Rashba splittings in Bi-adsorbed In atomic chains,"T. Tanaka, Y. Gohda",,"Physical Review B, 巻:98, 号:24, 記事番号:241409, 2018",2018/12/1 0:00,10.1103/PhysRevB.98.241409
225,Dynamic Interface Formation in Magnetic Thin Film Heterostructures,"S. Nakashima, T. Miyamachi, Y. Tatetsu, Y. Takahashi, Y. Takagi, Y. Gohda, T. Yokoyama, F .Komori,",,"ADVANCED FUNCTIONAL MATERIALS, 巻:29, 号:3, 記事番号:1804594, 2019",2018/11/1 0:00,10.1002/adfm.201804594
226,電子線ホログラフィーを用いた材料界面の電磁場解析,村上恭和,,"金属、Vol.88, No.11, pp942-947, 2018",2018/11/1 0:00,
227,Thermal decomposition of ThMn12-type phase and its optimum stabilizing elements in SmFe12-based alloys,"I. Dirba, Y. Harashima, H. Sepehri-Amin, T. Ohkubo, T. Miyake, S. Hirosawa, K. Hono",,Journal of Alloys and Compounds 813 152224(2020),2020/1/15 0:00,10.1016/j.jallcom.2019.152224
228,Relationship between the thermal stability of coercivity and the aspect ratio of grains in Nd-Fe-B magnets: Experimental and numerical approaches,"Xin Tang, J. Li, Y. Miyazaki, H. Sepehri-Amin, T. Ohkubo, T. Schrefl, K. Hono",,Acta Materialia 183 408-417(2020),2020/1/15 0:00,10.1016/j.actamat.2019.11.038
229,Influence of Ti addition on microstructure and magnetic properties of a heavy-rare-earth-free Nd-Fe-B sintered magnet,"X.D. Xu, Z.J. Dong, T.T. Sasaki, Xin Tang, H. Sepehri-Amin, T. Ohkubo, K. Hono",,Journal of Alloys and Compounds 806 1267-1275(2019),2019/10/25 0:00,10.1016/j.jallcom.2019.07.289
230,"Anisotropic, single-crystalline SmFe12-based microparticles with high roundness fabricated by jet-milling","I. Dirba, J. Li, H. Sepehri-Amin, T. Ohkubo, T. Schrefl, K. Hono",,Journal of Alloys and Compounds 804 155-162(2019),2019/10/5 0:00,10.1016/j.jallcom.2019.06.365
231,Role of Co on the magnetic properties of Ce-substituted Nd-Fe-B hot-deformed magnets,"Xin Tang, H. Sepehri-Amin, M. Matsumoto, T. Ohkubo, K. Hono",,Acta Materialia 175 1-10(2019),2019/8/15 0:00,10.1016/j.actamat.2019.05.064
232,Development of high coercivity anisotropic Nd-Fe-B/Fe nanocomposite powder using hydrogenation disproportionation desorption recombination process,"H. Sepehri-Amin, I. Dirba, Xin Tang, T. Ohkubo, T. Schrefl, O. Gutfleisch, K. Hono",,Acta Materialia 175 276-285(2019),2019/8/15 0:00,10.1016/j.actamat.2019.06.017
233,Microstructure and coercivity of grain boundary diffusion processed Dy-free and Dy-containing Nd Fe B sintered magnets,"T.-H. Kim, T.T. Sasaki, T. Ohkubo, Y. Takada, A. Kato, Y. Kaneko, K. Hono",,Acta Materialia 172 139-149(2019),2019/6/15 0:00,10.1016/j.actamat.2019.04.032
234,Magnetic anisotropy constants of ThMn12-type Sm(Fe1–xCox)12 compounds and their temperature dependence,"D. Ogawa, T. Yoshioka, X.D. Xu, Y.K. Tahakashi, H. Tsuchiura, T. Ohkubo, S. Hirosawa, K. Hono",,Journal of Magnetism and Magnetic Materials 497 165965(2020),2020/3/1 0:00,10.1016/j.jmmm.2019.165965
235,Magnetic properties in the metallic magnets with large anisotropy,"Y. Taguchi, J. Nasu, A. Koga, T. Yoshioka, H. Tsuchiura",,JOURNAL OF LOW TEMPERATURE PHYSICS 196 1-2 321-326(2019),2019/7/15 0:00,10.1007/s10909-019-02200-y
236,Observation of anomalous Ettingshausen effect and large transverse thermoelectric conductivity in permanent magnets,"A. Miura, H. Sepehri-Amin, K. Masuda, H. Tsuchiura, Y. Miura, R. Iguchi, Y. Sakuraba, J. Shiomi, K. Hono, K. Uchida",,APPLIED PHYSICS LETTERS 115 22 222403(2019),2019/11/26 0:00,10.1063/1.5131001
237,還元拡散法によるCr拡散Sm2Fe17Nxコア・シェル磁石粉末の作製,"松田 瑠香, 鑓水 啓介, 松浦 昌志, 手束 展規, 杉本 諭, 石川 尚, 米山 幸伸",,"粉体および粉末冶金,66（3),116-121(2019)",2019/3/15 0:00,10.2497/jjspm.66.116
238,Magnetic Anisotropy and Crystallographic Alignment in Fe and NdH2 during d-HDDR Process of Nd-Fe-B-Ga-Nb Powders,"Takashi Horikawa, Masao Yamazaki, Chisato Mishima, Masashi Matsuura, Satoshi Sugimoto",,"AIP Advances,9（3）,35244-1～5(2019)",2019/3/21 0:00,10.1063/1.5079953
239,Fabrication of Anisotropic Nd-Fe-B Powders by Ta Sputtering,"Moe Kimura, Masashi Matsuura, Nobuki Tezuka, Satoshi Sugimoto",,"Materials Transactions,60（5）,830-836(2019)",2019/4/5 0:00,10.2320/matertrans.M2019003
240,高特性Sm-Fe-Ｎ系バルク磁石の組織と磁気特性,"松浦 昌志, 松南 諒, 西島 佑樹, 手束 展規, 杉本 諭",,"電気学会マグネティックス研究会資料 ,MAG-18-197～208 61-64",2019/12/19 0:00,
241,Preparation of Sm−Fe−N bulk magnets with high maximum energy products,"R. Matsunami, M. Matsuura, N. Tezuka, S. Sugimoto","S. Sugimoto,https://samurai.nims.go.jp/profiles/sugimoto_satoshi",Journal of the Magnetics Society of Japan 44 3 64-69(2020),2020/7/12 0:00,10.3379/msjmag.2005R003
242,Microstructural changes in high-coercivity Zn-bonded Sm-Fe-N magnets,"Masashi Matsuura, Kuniko Yamamoto, Nobuki Tezuka, Satoshi Sugimoto",,Journal of Magnetism and Magnetic Materials 510 166943(2020),2020/7/12 0:00,10.1016/j.jmmm.2020.166943
243,Detection of elemental magnetization reversal events in a micro-patterned Nd-Fe-B hot-deformed magnet,"T. Yomogita, N. Kikuchi, S. Okamoto, O. Kitakami, H. Sepehri-Amin, T. Ohkubo, K. Hono, K. Hioki, A. Hattori",,AIP Advances 9 12 125052(2019),2019/12/30 0:00,10.1063/1.5129830
244,Temperature dependent magnetization reversal process of a Ga-doped Nd-Fe-B sintered magnet based on first-order reversal curve analysis,"S. Okamoto, K. Miyazawa, T. Yomogita, N. Kikuchi, O. Kitakami, K. Toyoki, D. Billington, Y. Kotani,.T. Nakamura, T. Sasaki, T. Ohkubo, K. Hono, Y. Takada, T. Sato, Y. Kaneko, A. Kato",,Acta Materialia 178 90-98(2019),2019/8/6 0:00,10.1016/j.actamat.2019.08.004
245,Cerium as a possible stabilizer of ThMn12-type iron-based compounds: A first-principles study,"Yosuke Harashima, Taro Fukazawa, Takashi Miyake",,"Scripta Materialia 179, 12-15 (2020)",2020/4/1 0:00,10.1016/j.scriptamat.2020.01.004
246,Bayesian optimization of chemical composition: a comprehensive framework and its application to RFe12-type magnet compounds,"Taro Fukazawa, Yosuke Harashima, Zhufeng Hou, Takashi Miyake",,Physical Review Materials 3 5 053807 (2019),2019/5/1 0:00,10.1103/PhysRevMaterials.3.053807
247,Curie temperature of Sm2Fe17 and Nd2Fe14B: a first-principles study,"Taro Fukazawa, Hisazumi Akai, Yosuke Harashima, Takashi Miyake",,"AIP Advances and IEEE Transactions on Magnetics 55, 7, 2101305 (2019)",2019/7/1 0:00,10.1109/TMAG.2019.2895669 
248,空間に物理量を表現するAdditive Manufacturingとボクセルファイル形式FAVの今後の利活用,"山崎　淳, 古宇田　光",,日本画像学会誌 第58巻 第4号 PP397-405(2019),2019/8/10 0:00,10.11370/isj.58.397
249,Nontrivial temperature dependence of ferromagnetic resonance frequency for spin reorientation transitions,"M. Nishino, S. Miyashita",,"PHYSICAL REVIEW B Rapid commun. 100, 2, 020403-(1-5) (2019)",2019/7/11 0:00,10.1103/PhysRevB.100.020403
250,Magnetic field threshold for nucleation and depinning of domain walls in the neodymium permanent magnet Ne2Fe14B,"I. E. Uysal , M. Nishino, S. Miyashita",,"PHYSICAL REVIEW B 101, 094421-(1-9) (2020)",2020/7/12 0:00,10.1103/PhysRevB.101.094421
251,Multistep spin-crossover transitions induced by the interplay between short- and long-range interactions with frustration on a triangular lattice,"M. Nishino, C. Enachescu, S. Miyashita",,"PHYSICAL REVIEW B 100, 13, 134414-(1-12) (2019)",2019/7/11 0:00,10.1103/PhysRevB.100.134414
252,Dynamical phase transition in Floquet optical bistable systems: An approach from finite-size quantum systems,"T. Shirai, S. Todo, S. Miyashita",,"PHYSICAL REVIEW A 101, 1, 013809-(1-7) (2020)",2020/7/12 0:00,10.1103/PhysRevA.101.013809
253,Characterization of localized effective spins in gapped quantum spin chains,"H. Nakano, S. Miyashita",,"PHYSICAL REVIEW B 100, 19, 195105-(1-11) (2019)",2019/7/11 0:00,10.1103/PhysRevB.100.195105
254,Anisotropy-temperature phase diagram for the two-dimensional dipolar Heisenberg model with and without magnetic field,"H. Komatsu, Y. Nonomura, M. Nishino",,"PHYSICAL REVIEW B 100, 9, 094407-(1-8) (2019)",2019/7/11 0:00,10.1103/PhysRevB.100.094407
255,Elastic-frustration-driven unusual magnetoelastic properties in a switchable core-shell spin-crossover nanostructure,"Y. Singh, H. Oubouchou, M. Nishino, S. Miyashita, K. Boukheddaden",,"PHYSICAL REVIEW B 101, 5, 054105-(1-15) (2020)",2019/7/12 0:00,10.1103/PhysRevB.101.054105
256,Role of Atomic-Scale Thermal Fluctuations in the Coercivity,"Y. Toga, S. Miyashita, A. Sakuma, T. Miyake",,"npj Computational Materials 6, 67(2020)",2020/4/1 0:00,10.1038/s41524-020-0325-6
257,Nanoparticle Approach to the Formation of Sm2Fe17N3 Hard Magnetic Particles,"Jungryang Kim, Hsin-Lun Wu, Shihchen Hsu, Kenshi Matsumoto, Ryot Sato, Toshiharu Teranishi",,"CHEMISTRY LETTERS. 2019, 48, 9, 1054-1057(2019)",2019/6/12 0:00,10.1246/cl.190376
258,Co置換M型フェライト磁石中のCoの役割：59Co-NMRによる研究,中村裕之,,"粉体および粉末冶金 2020年, 67巻, 2号, p.78-83",2020/2/1 0:00,10.2497/jjspm.67.78
259,Relationship between magnetic nucleation and the microstructure of a hot-deformed permanent magnet: micromagnetic simulation,"塚原宙, 岩野薫, 三俣千春, 石川正, 小野寛太",,"NPG Asia Matrials 12, 1, 29(2020)",2020/7/12 0:00,10.1038/s41427-020-0210-2
260,機械学習を用いたX線吸収スペクトル解析の自動化,"鈴木 雄太, 日野 英逸, 小野 寛太",,"電気化学 88(1), 36-41, 2020",2020/2/1 0:00,10.5796/denkikagaku.20-FE0007
261,Influence of magnetostriction on the lattice constants of the secondary phases in Nd-Fe-B sintered magnets studied by synchrotron X-ray diffraction,"Shintaro Kobayashi, Andrés Martín-Cid, Kentaro Toyoki, Hiroyuki Okazaki, Satoshi Hirosawa, Tetsuya Nakamura",,"AIP Advances 9, 12, 125154 (2020)",2019/12/30 0:00,10.1063/1.5129849
262,Quantitative identification of constituent phases in a Nd-Fe-B-Cu sintered magnet and temperature dependent change of electron density of Nd2Fe14B studied by synchrotron X-ray diffraction,"Hiroyuki Okazaki, David Billington, Naruki Tsuji, Wakana Ueno, Yoshinori Kotani, Shogo Kawaguchi, Kunihisa Sugimoto, Kentaro Toyoki, Tomoki Fukagawa,Takeshi Nishiuchi, Kazuhiro Hono, Satoshi Hirosawa, Tetsuya Nakamura",,"Acta Materialia 181, 530 (2019)",2019/10/3 0:00,10.1016/j.actamat.2019.10.004
263,磁気閉回路を用いた残留磁化を有するバルク磁石の硬X線光電子分光計測技術の開発,"保井 晃, 池永英司, 上野若菜, 辻成希, 小谷佳範, 広沢哲, 中村哲也",,"SPring-8 Section A: Scientific Research Report 8, 2, 223",2020/1/29 0:00,10.18957/rr.8.2.223
264,Magnetic Microscopy Using a Circularly-Polarized Hard-X-ray Nanoprobe at SPring-8,"M. Suzuki, H. Yumoto, T. Koyama, H. Yamazaki, T. Takeuchi, N. Kawamura, M. Mizumaki, H. Osawa, Y. Kondo, J. Ariake, A. Yasui, Y. Kotani, N. Tsuji, T. Nakamura, S. Hirosawa, K. T. Yamada, S. Kim, K.-J. Kim, M. Ishibashi, T. Ono, H. Ohashi",,"Synchrotron Radiation News Vol. 33, No.2, 4 (2020).",2020/4/6 0:00,10.1080/08940886.2020.1725795
265,Formation mechanism of Tb-rich shell in grain boundary diffusion processed Nd–Fe–B sintered magnets,"T.-H.Kim, T.T.Sasaki, T.Koyama, Y.Fujikawa, M. Miwa, Y.Enokido, T.Ohkubo, K.Hono",,"Scripta Materialia, Vil.178, pp.433–437.",2020/3/1 0:00,10.1016/j.scriptamat.2019.12.002
266,材料設計計算工学　計算組織学編（増補新版）,小山敏幸,,内田老鶴圃,2019/12/1 0:00,
267,Application of materials informatics on crystalline materials for two-body terms approximation,"Van-Doan Nguyen, Tien-Lam Pham, *Hieu-Chi Dam",,"Computational Materials Science 166, 155-161",2019/8/1 0:00,10.1016/j.commatsci.2019.04.030
268,Ensemble learning reveals dissimilarity between rare-earth transition-metal binary alloys with respect to the Curie temperature,"Duong-Nguyen Nguyen, Tien-Lam Pham, Viet-Cuong Nguyen, Hiori Kino, Takashi Miyake, *Hieu-Chi Dam",,"Journal of Physics: Materials 2, 034009(2019)",2019/6/24 0:00,10.1088/2515-7639/ab1738
269,First-principles study on surface stability and interface magnetic properties of SmFe12,"Y. Ainai, T. Shiozawa, Y. Tatetsu, Y. Gohda",,"APPLIED PHYSICS EXPRES 13, 4, 045502 (2020).",2020/3/1 0:00,10.35848/1882-0786/ab7bca
270,First-principles study of crystalline Nd-Fe alloys,"Y. Ainai, Y. Tatetsu, A. Terasawa, Y. Gohda",,"APPLIED PHYSICS EXPRESS 13, 1, 017006 (2020).",2020/1/1 0:00,10.7567/1882-0786/ab626e
271,Efficient Algorithm Based on Liechtenstein Method for Computing Exchange Coupling Constants Using Localized Basis Set,"A. Terasawa, M. Matsumoto, T. Ozaki, Y. Gohda",,"JOURNAL OF THE PHYSICAL SOCIETY OF JAPAN. 88, 11, 114706 (2019).",2019/10/1 0:00,10.7566/JPSJ.88.114706
272,磁性材料・鉄基溶融合金の脱酸の熱力学,小林能直,,日本学術振興会・製鋼第19委員会,2019/5/1 0:00,
273,酸素ポンプの手法開発および酸素センサーの電解質材料,"小林能直, 李嘉俊, 守田祐哉",,"耐火物 71(6), 226-231",2019/6/1 0:00,
274,A New Design of Oxygen Sensor for Electromotive Force Measurement and Electrochemical Deoxidation by Using Oxygen Pump,"Jiajun LI, Yoshinao KOBAYASHI.",,"ISIJ International,Advance Publication by J-STAGE 60, 6, 1135-1140(2020)",2020/2/1 0:00,10.2355/isijinternational.ISIJINT-2019-641
275,Magnetic Flux Density Measurements from Grain Boundary Phase in 0.1 at% Ga-doped Nd-Fe-B Sintered Magnet,"Y. Cho, T.T. Sasaki, K. Harada, A. Sato, T. Tamaoka, D. Shindo, T. Ohkubo, K. Hono, Y. Murakami",,"Scripta Materialia 178, 533-538(2020)",2020/1/1 0:00,10.1016/j.scriptamat.2019.12.030
276,Thermodynamic and magnetic properties for Dy2Fe14B determined by heat capacity measurement from very low to high temperatures and solution calorimetry,"Masao Morishita, Taichi Abe, Hiroaki Yamamoto, Ai Nozaki, Shinya Kimura",,"Thermochimica Acta 721, 179410 (2023).",2023/1/31 0:00,10.1016/j.tca.2022.179410
277,"Magnetic characterization of Sm(Fe1-x, Cox)11Ti (x = 0, 0.1) determined by heat-capacity measurement from very low to high temperatures","Masao Morishita, Taichi Abe, Tadakatsu Ohkubo, Terumasa Tadano, Hiroaki Yamamoto, Ai Nozaki, Hikaru Miyazaki",,"Thermochimica Acta 727, 179573 (2023).",2023/8/6 0:00,10.1016/j.tca.2023.179573
